Serial No,Name,Description,Link,Tags
1,3DTK,The 3D Toolkit provides algorithms and methods to process 3D point clouds,http://threedtk.de,"['c/c++', 'cmake', 'opencv', 'ros', 'boost']"
2,52° North Initiative for Geospatial Open Source Software GmbH,52°North works on innovative ideas and technologies in geoinformatics,https://52north.org/,"['javascript', 'java', 'spring', 'r', 'big data']"
3,AerospaceResearch.net,making space together,http://www.aerospaceresearch.net,"['python', 'c/c++', 'vhdl', 'boinc', 'java']"
4,aimacode,"Code for the book ""Artificial Intelligence: A Modern Approach""",http://github.com/aimacode,"['python', 'java', 'javascript', 'ai', 'jupyter']"
5,Amahi,"Amahi, a home digital assistant at your fingertips.",http://www.amahi.org,"['ruby on rails', 'golang', 'swift', 'javascript', 'android']"
6,AOSSIE - Australian Open Source Software Innovation and Education,Australian Umbrella Org for Open-Source Projects,http://aossie.org/,"['scala', 'isabelle proof assistant', 'browser extension', 'javascript/html5/css3', 'android/ios']"
7,Apache Software Foundation,Providing open source software to the public free of charge,https://apache.org,"['c', 'java', 'erlang']"
8,Apertium,A free/open-source platform for machine translation and language technology,http://www.apertium.org,"['c++', 'python', 'xml', 'fsts']"
9,Apertus Association,Open Technology for Professional Film Production,http://www.apertus.org,"['fpga', 'embedded', 'linux', 'c/c++', 'vhdl']"
10,appleseedhq,A modern open source rendering engine for animation and visual effects,https://appleseedhq.net/,"['c/c++', 'qt']"
11,ArduPilot,The worlds most advanced open source autopilot,http://ardupilot.org,"['drones', 'python', 'linux', 'c/c++', 'robotics']"
12,BeagleBoard.org Foundation,Open hardware and software for physical computing,https://beagleboard.org,"['linux', 'gcc', 'real-time', 'physical computing', 'iot']"
13,Beam Community,"From distributed systems, to robust servers and language design on the Erlang VM",http://beamcommunity.github.io,"['erlang', 'xmpp']"
14,BeeWare Project,Tools for cross-platform Python application development.,https://pybee.org,"['python', 'ios', 'android', 'javascript', 'java']"
15,Berkman Klein Center for Internet & Society at Harvard University,"Exploring cyberspace, sharing in its study, and helping pioneer its development.",https://cyber.harvard.edu,"['ruby on rails', 'meteor.js', 'elasticsearch', 'javascript', 'elk']"
16,Blender Foundation,We build a free and open source 3D creation suite.,https://www.blender.org,"['c', 'c++', 'python', 'opengl', 'opencl']"
17,Boost C++ Libraries,Boost provides free peer-reviewed portable C++ source libraries,http://www.boost.org/,"['c++11', 'c++14', 'c++', 'c++17']"
18,Boston University / XIA,Crowdsourcing the future Internet,https://github.com/AltraMayor/XIA-for-Linux/wiki,"['xia', 'linux kernel', 'c', 'advanced data structures', 'ddos']"
19,BRL-CAD,"Solid modeling, 3D printing, comp. graphics, & other computer-aided tech (CAx)!",https://brlcad.org,"['c/c++', 'qt', 'opengl', 'opencl', 'tcl/tk']"
20,Canadian Centre for Computational Genomics,Analytical solutions for Next-Generation Sequencing data,http://computationalgenomics.ca,"['r', 'perl', 'awk', 'bash', 'python']"
21,Catrobat,Computational Thinking for all through visual programming on phones,http://catrobat.org,"['java', 'android', 'ios', 'espresso']"
22,CCExtractor Development,"Experimenting with video software and hardware, subtitles, imaging, cloud...",https://ccextractor.org/,"['c', 'python', 'arduino', 'node.js', 'c#']"
23,Center for Research In Open Source Software (CROSS) at UC Santa Cruz,Bridging the Gap Between Student Work and Open Source Software Projects,http://cross.ucsc.edu,"['ceph', 'hadoop', 'c++', 'javascript', 'python']"
24,CERN-HSF,Umbrella organization for Particle (High-energy) Physics-related projects,http://hepsoftwarefoundation.org/activities/gsoc.html,"['c/c++', 'python', 'data analysis', 'machine learning', 'parallelization']"
25,CGAL Project,C++ library of computational geometry and geometry processing,https://www.cgal.org,"['c++', 'github', 'git']"
26,CHAOSS: Community Health Analytics Open Source Software,Advacing open source project health and sustainability,https://chaoss.community/,"['python 3', 'javascript']"
27,Checker Framework,"Preventing programming errors before they happen, via easy-to-use verification",https://checkerframework.org/,['java']
28,CiviCRM LLC,"Build, engage and organize your constituents",https://civicrm.org,"['php', 'mysql', 'angularjs', 'd3.js']"
29,Classical Language Toolkit,NLP for the Ancient World,http://cltk.org/,"['python', 'javascript']"
30,"CLiPS, University of Antwerp",Computational (Psycho)Linguistics,https://www.uantwerpen.be/en/research-groups/clips,"['python', 'javascript', 'mongodb']"
31,Cloud Native Computing Foundation (CNCF),Sustaining open source cloud native projects like Kubernetes and Prometheus,https://www.cncf.io/,"['kubernetes', 'prometheus', 'grpc', 'docker', 'golang']"
32,CloudCV,Building platforms for reproducible AI research,http://cloudcv.org,"['machine learning', 'deep learning', 'computer vision', 'artificial intelligence', 'cloud']"
33,coala,Linting and Fixing Code for All Languages,https://coala.io/,"['django', 'python 3', 'antlr', 'emberjs', 'reactjs']"
34,Computational Biology @ University of Nebraska-Lincoln,"Further knowledge in health through computation, data visualization and analysis",http://helikarlab.org,"['javascript', 'webgl', 'reactjs', 'flask']"
35,Conversations.im,An open source instant messaging client and ecosystem based on Jabber & XMPP,https://Conversations.im,"['java', 'android', 'xmpp', 'gtk', 'javascript']"
36,Cuneiform Digital Library Initiative,International digital library of artifacts inscribed with cuneiform writing,https://cdli.ucla.edu,"['python', 'mariadb', 'rdf', 'php', 'nltk']"
37,DBpedia,"An Open Platform for a Large, Multilingual, Semantic Knowledge Graph",http://dbpedia.org/,"['rdf', 'scala', 'sparql']"
38,Debian Project,the universal operating system,https://debian.org,"['javascript', 'ruby', 'java', 'python', 'c/c++']"
39,Developers Italia,An open community digital public services developers,https://developers.italia.it,"['python', 'ruby', 'node.js', 'java', 'c/c++']"
40,Digital Impact Alliance,Supporting open source projects for a digital society that serves everyone.,https://digitalimpactalliance.org,"['android', 'java', 'php', 'python', 'javascript']"
41,Django Software Foundation,The web framework for perfectionists with deadlines.,https://www.djangoproject.com,"['python', 'django']"
42,Drupal,"Drupal is a Free, Open, Modular CMS written in PHP. Let's make something amazing",https://www.drupal.org/,"['web', 'web development', 'content management system', 'cms', 'object-oriented']"
43,Earth Science Information Partners (ESIP),Making Earth science data matter.,http://esipfed.org,"['kubernetes', 'dask', 'xarray', 'python', 'javascript']"
44,Elastic,"We are the creators of Elasticsearch, Kibana, Beats, and Logstash.",https://www.elastic.co,"['java', 'golang', 'node.js', 'react', 'jruby']"
45,Eta,Eta is a dialect of Haskell on the Java Virtual Machine.,https://eta-lang.org/,"['haskell', 'jvm', 'java']"
46,Fedora Project,"Fedora Linux is built on the foundations of Freedom, Friends, Features, & First",https://getfedora.org/,"['linux', 'python', 'git', 'postgresql', 'ansible']"
47,FFmpeg,"A complete, cross-platform solution to record, convert & stream audio and video.",https://www.ffmpeg.org/,"['c', 'asm', 'git']"
48,FOSSASIA,Improve People's Lives,https://fossasia.org,"['java', 'javascript', 'python', 'android', 'artificial intelligence']"
49,FOSSology,Open Source License Compliance by Open Source Software,https://fossology.org/,"['php', 'postgresql', 'lamp', 'linux', 'c/c++']"
50,Free and Open Source Silicon Foundation,"The home for open source hardware, EDA tools and the related ecosystem",https://fossi-foundation.org,"['fpga', 'verilog', 'c', 'chisel', 'synthesis']"
51,Free UK Genealogy,Human transcription of family history data,http://www.freeukgenealogy.org.uk,"['mongodb', 'ruby on rails', 'mysql', 'python', 'css/html']"
52,FreeBSD,FreeBSD: The Foundation of the Internet,https://www.FreeBSD.org/,"['c/c++', 'llvm', 'shell script', 'assembly', 'make']"
53,FreeType,A software library to render fonts.,http://freetype.org,"['c', 'gnu make', 'gnu autotools', 'python', 'fonts']"
54,freifunk,Freifunk is a non-commercial initiative for free and open wireless networks.,https://freifunk.net,"['openwrt', 'javascript', 'html', 'c', 'python']"
55,"Genes, Genomes and Variation",Genomic sequence and annotation databases and browsers,http://www.ensembl.org,"['perl', 'mysql', 'java script']"
56,GENIVI Alliance,Developing open software for IVI and the connected car.,https://www.genivi.org/,"['yocto', 'c/c++', 'java']"
57,Gentoo Foundation,"A flexible, source-based Linux distribution.",https://gentoo.org/,"['shell script', 'bash', 'c/c++', 'python', 'linux']"
58,GFOSS - Open Technologies Alliance,Promote Openness with the use and development of Open Standards & Open Source.,http://gfoss.eu,"['python 3', 'php/javascript/html', 'css/html', 'java', 'c/c++']"
59,Git,"Fast, scalable, distributed revision control system",http://git-scm.com,"['c', 'shell script', 'git']"
60,Global Alliance for Genomics and Health,We develop open standards and tools for genomics to benefit human health.,http://ga4gh.org,"['java', 'python', 'cloud', 'c/c++', 'mongodb']"
61,GNOME,A free desktop environment for GNU/Linux.,https://www.gnome.org/,"['c', 'python', 'javascript', 'gtk+', 'gobject']"
62,GNSS-SDR,An open source Global Navigation Satellite Systems software-defined receiver,http://gnss-sdr.org/,"['c/c++', 'gnss', 'c++11', 'c++14']"
63,GNU Compiler Collection (GCC),GCC,https://gcc.gnu.org/,"['c++', 'c', 'openmp']"
64,GNU Octave,Free Your Numbers,https://www.octave.org,"['c++', 'hg']"
65,GNU Project,GNU is an operating system that is free software,https://www.gnu.org,"['c', 'lisp', 'python']"
66,GNU Radio,The free & open software radio ecosystem,https://www.gnuradio.org/,"['c++', 'python', 'simd', 'qt']"
67,Godot Engine,Godot is a multi-platform 2D and 3D game engine with a feature-rich editor,https://godotengine.org,"['c++', 'cpp', 'opengl', 'github', 'crossplatform']"
68,gRPC,"A high performance, open-source universal RPC framework",https://grpc.io,"['grpc', 'microservices', 'distributed systems', 'cloud']"
69,Haiku,Integrated operating system for personal computers,http://www.haiku-os.org,"['c++', 'webkit', 'ffmpeg', 'posix', 'bsd unix']"
70,Haskell.org,"Standardized, statically typed, lazy functional programming language",http://haskell.org,['haskell']
71,Homebrew,"An open source, console package manager for macOS",https://brew.sh,"['ruby', 'git', 'macos', 'rspec', 'bash']"
72,INCF,Advancing global collaborative brain research,http://incf.org/,"['python', 'c/c++', 'javascript', 'cuda', 'xml']"
73,Inclusive Design Institute,The IDI addresses the challenge of designing ICT to work for all potential users,http://inclusivedesign.ca,"['javascript', 'html', 'css', 'node.js', 'php']"
74,Inkscape,"Inkscape is a professional vector graphics editor for Windows, Mac OSX, & Linux.",https://www.inkscape.org/,"['svg', 'css', 'c++11', 'python', 'gtk+']"
75,Inria Foundation,SOFA is an efficient simulation engine for research in medical simulation.,https://www.sofa-framework.org/,"['c/c++', 'qt', 'webassembly', 'asm', 'communication protocol']"
76,Institute for Artificial Intelligence,Research in Artificial Intelligence for Autonomous Mobile Robots,http://ai.uni-bremen.de/,"['c++', 'python', 'ros', 'unreal engine', 'lisp']"
77,Intel Media And Audio For Linux,"Open Source Media libraries, Applications, User space driver and Specification.",https://01.org/linuxmedia,"['video', 'codecs', 'hardware acceleration', 'va-api', 'c']"
78,InterMine,"Integrating biological data sources, making it easy to query and analyse data",http://intermine.org/,"['postgresql', 'java', 'javascript', 'python', 'clojure']"
79,Internet Archive,Universal Access to All Knowledge,http://www.archive.org,"['pthon', 'javascript']"
80,Internet Systems Consortium,We support critical internet infrastructure with quality open source,http://www.isc.org,"['dhcp', 'c/c++', 'mysql', 'cassandra', 'rest']"
81,JBoss Community,Community of Java projects around JBoss Middleware,http://www.jboss.org/,"['java', 'android', 'ios', 'opentracing', 'apache kafka']"
82,JdeRobot - Universidad Rey Juan Carlos,A software framework for developing applications in robotics and computer vision,http://jderobot.org,"['ros', 'python', 'c++', 'gazebo', 'opencv']"
83,Jenkins project,Jenkins is an open-source automation server,https://jenkins.io/,"['java', 'groovy', 'javascript']"
84,JGraphT,Java library that provides graph data-structures and algorithms.,http://jgrapht.org/,['java']
85,Jitsi,The most innovative Open Source video conferencing community. Period.,https://jitsi.org,"['java', 'javascript', 'webrtc', 'react', 'react native']"
86,Joomla!,"Joomla, the flexible platform empowering website creators.",https://www.joomla.org,"['php', 'javascript', 'mysql', 'html5/css3', 'cms']"
87,JSK Robotics Laboratory / The University of Tokyo,JSK is focusing on the fundamental functions & systems for intelligent robots .,http://www.jsk.t.u-tokyo.ac.jp/,['ros']
88,KDE Community,Experience Freedom!,https://www.kde.org,"['qt', 'c/c++', 'qml']"
89,Kiwix,Internet content for people without internet access,http://www.kiwix.org/,"['android', 'java', 'c++', 'python', 'qt']"
90,LabLua,Programming Languages Research with emphasis on the Lua language,http://www.lua.inf.puc-rio.br,"['lua', 'céu']"
91,languagetool.org,Style and grammar checker,https://languagetool.org,"['java', 'javascript', 'machine learning', 'ai', 'tensorflow']"
92,LEAP Encryption Access Project,We make encryption easy to use.,https://leap.se,"['python', 'twisted', 'javascript', 'openvpn', 'gnupg']"
93,LibreHealth,Healthcare for Humanity,http://librehealth.io/,"['java', 'php', 'javascript', 'mysql', 'webcomponents']"
94,LibreOffice,LibreOffice is the leading free and open source office suite.,https://www.libreoffice.org/,"['c++', 'java', 'python']"
95,libvirt,Toolkit to manage virtualization hosts from many languages,https://libvirt.org/,"['hypervisor', 'kvm', 'xen', 'lxc']"
96,LLVM Compiler Infrastructure,LLVM Compiler Infrastructure,http://llvm.org,['llvm']
97,LuaRocks,The package manager for the Lua programming language,http://luarocks.org,"['lua', 'linux', 'windows', 'unix', 'c']"
98,MariaDB Foundation,One of the most popular databases on the web with many notable users,https://mariadb.org,"['mariadb', 'mysql', 'c', 'c++', 'java']"
99,Matrix.org,"An ambitious open ecosystem for decentralised, encrypted communication.",https://matrix.org,"['golang', 'ios', 'android', 'python', 'react']"
100,MetaBrainz Foundation Inc.,Curating open data sets with open source softer and loads of volunteers.,https://metabrainz.org,"['python', 'perl', 'javascript', 'postgresql', 'react']"
101,Metasploit,The world’s most used penetration testing framework,https://metasploit.com,"['ruby', 'postgresql', 'python', 'c', 'assembly']"
102,Mixxx DJ Software,"DJ Your Way, For Free. Join our friendly community of hackers, DJs, and artists!",https://www.mixxx.org/,"['qt', 'audio', 'music', 'real-time', 'c++']"
103,mlpack,a scalable C++ machine learning library,http://www.mlpack.org/,['c++']
104,Mobile Robot Programming Toolkit (MRPT),Empowering C++ development in robotics,https://www.mrpt.org,"['c/c++', 'cmake', 'python', 'webs']"
105,Moodle,Empowering educators to improve our world,https://moodle.org/,"['php', 'javascript', 'ionic', 'sql', 'angular']"
106,MovingBlocks,Terasology: like an open source Minecraft - imagine the possibilities!,http://terasology.org,"['java', 'opengl', 'json', 'blender', 'github']"
107,Mozilla,"Internet for people, not profit.",https://mozilla.org,"['javascript', 'c++', 'rust', 'python', 'css']"
108,MuseScore,"Create, play and print beautiful sheet music",https://musescore.org,"['qt', 'c++11', 'cpp', 'midi']"
109,National Resource for Network Biology (NRNB),Developing open source software to enable network-based biomedical discovery,http://www.nrnb.org/gsoc.html,"['java', 'javascript', 'python', 'html', 'c/c++']"
110,Neovim,Vim-fork focused on extensibility and usability,https://neovim.io/,"['lua', 'c', 'vim', 'javascript', 'python']"
111,Netfilter project,netfilter.org is the home of the Linux firewalling tools,http://www.netfilter.org,"['linux kernel', 'c']"
112,NumFOCUS,Open Code = Better Science,https://www.numfocus.org,"['python', 'julia', 'r', 'javascript', 'c++']"
113,omegaUp.com,omegaUp is aimed to increase the number of talented Software Engineers in LatAm.,https://omegaup.org/,"['php', 'mysql', 'python']"
114,Open Bioinformatics Foundation,Promoting practice & philosophy of OSS & Open Science in biological research.,https://www.open-bio.org/wiki/Main_Page,"['python', 'javascript', 'd', 'php', 'c/c++']"
115,Open Chemistry,Advancing Open Source and Open Science for Chemistry,https://openchemistry.org/,"['python', 'c++', 'javascript', 'java', 'opengl']"
116,Open Data Kit,Open Data Kit is used to collect data for social good in difficult environments.,https://opendatakit.org,"['android', 'java']"
117,Open Food Facts,"A collaborative, free and open database of food and cosmetic products.",https://world.openfoodfacts.org,"['perl', 'mongodb', 'ios', 'android', 'machine learning']"
118,Open Roberta Lab,Open Roberta® Lab is an online IDE introducing kids to program robots with NEPO®,https://www.open-roberta.org/,"['java', 'javascript']"
119,Open Source Robotics Foundation,Our mission is to support the development of OSS for use in robotics,https://www.osrfoundation.org/,"['c/c++', 'python', 'javascript', 'ros', 'gazebo']"
120,Open States,Open Source State Legislative Data,https://openstates.org,"['python', 'django', 'react', 'graphql', 'postgresql']"
121,OpenAstronomy,Opening the eyes of research astronomy software to the whole world.,http://www.OpenAstronomy.org,"['python', 'julia', 'c++', 'numba']"
122,OpenCensus,Planet Scale Tracing and Monitoring,http://opencensus.io,"['python', 'java', 'ruby', 'node', 'go']"
123,OpenMRS,Write code. Save lives.,https://openmrs.org/,"['java', 'spring', 'javascript', 'rest', 'mysql']"
124,OpenSIPS,"A multi-purpose Open Source SIP proxy/server for carriers, telecoms or ITSPs",http://www.opensips.org/,"['c', 'python', 'mysql', 'scripting']"
125,OpenStreetMap,Creating and distributing free geographic data for the world.,http://www.openstreetmap.org/,"['postgis', 'java', 'ruby', 'javascript', 'c/c++']"
126,openSUSE,"The makers' choice for sysadmins, developers and desktop users.",https://www.opensuse.org,"['ruby on rail', 'perl', 'ruby', 'html/javascript', 'c/c++']"
127,OpenWISP,Open Source solution to build and manage wifi networks,http://openwisp.org,"['python', 'django', 'javascript', 'openwrt', 'linux']"
128,OpnTec,Developing Open Event Solutions for Everyone,http://opntec.org,"['python', 'javascript', 'emberjs', 'cloud', 'android']"
129,Oppia Foundation,"Adaptive, enjoyable learning experiences that provide personalized feedback.",https://github.com/oppia/oppia,"['angularjs', 'python', 'javascript', 'appengine', 'css']"
130,OSGeo,The Open Source Geospatial Foundation,https://osgeo.org,"['c/c++', 'standards', 'python', 'sql', 'database']"
131,OW2,The open source community for infrastructure software.,http://www.ow2.org,"['java', 'perl', 'middleware', 'bpm', 'wiki']"
132,OWASP Foundation,"OWASP, The Open Web Application Security Project.",https://www.owasp.org/index.php/Main_Page,"['java', 'net', 'ruby', 'javascript', 'python']"
133,P2PSP.org,Shaping the future Internet TV,http://www.p2psp.org,"['python', 'javascript', 'webrtc', 'sockets', 'c/c++']"
134,PEcAn Project,Develop accessible tools for reproducible ecosystem modeling and forecasting,http://pecanproject.org,"['javascript', 'postgresql', 'php', 'c', 'r']"
135,Performance Co-Pilot,Performance Co-Pilot - system-level performance analysis toolkit,http://pcp.io,"['python', 'redis', 'c', 'linux', 'javascript']"
136,phpBB Forum Software,phpBB is the most widely used free and open-source forum solution.,https://www.phpbb.com,"['mysql', 'javascript', 'html5/css3', 'php', 'symfony']"
137,phpMyAdmin,A web interface for MySQL written in PHP,https://www.phpmyadmin.net,"['php', 'mysql', 'cakephp', 'jquery', 'javascript']"
138,Plone,The premier python-based open source CMS,https://plone.org,"['python', 'javascript', 'html', 'css', 'reactjs']"
139,PMD,An extensible cross-language static code analyzer.,https://pmd.github.io/,"['java', 'xml', 'javacc', 'antlr', 'xpath']"
140,Pocket Science Lab,Miniaturizing the Open Science Lab with Open Hardware and Open Source Software,https://pslab.io,"['android', 'java', 'firmware', 'c', 'cad']"
141,Polly Labs,Promoting Polyhedral Compilation,http://pollylabs.org,"['c/c++', 'llvm', 'polly', 'isl', 'ppcg']"
142,PostgreSQL,"PostgreSQL is a powerful, open source object-relational database system.",https://postgresql.org,"['postgresql', 'sql', 'rdbms', 'ordbms', 'c']"
143,Probot,Automate and improve GitHub workflows,https://probot.github.io/,"['javascript', 'node', 'github']"
144,Public Lab,Open hardware and software to help communities measure and analyze pollution,http://publiclab.org,"['ruby on rails', 'javascript', 'node.js']"
145,Purr Data,Visual Programming Language for Realtime Multimedia,https://git.purrdata.net,"['javascript', 'html5/css3', 'node.js', 'c/c++']"
146,Python HYDRA,Build better Web APIs. Enable smart clients.,http://www.hydraecosystem.org,"['python', 'rdf', 'flask', 'hydra', 'json/json-ld']"
147,Python Software Foundation,Python is a programming language used by software developers and scientists.,https://www.python.org/,['python']
148,QEMU,QEMU is an open source machine emulator and virtualizer,https://qemu.org/,"['c', 'kvm']"
149,Quill.org,Helping millions of learners become better writers and critical thinkers,https://quill.org,"['ruby', 'rails', 'react', 'javascript', 'postgresql']"
150,R project for statistical computing,R is a free software environment for statistical computing and graphics,https://www.r-project.org/,"['r-project', 'c', 'c++', 'javascript', 'fortran']"
151,radare,Radare2 reverse engineering framework and toolset,http://radare.org,"['c', 'cpp', 'rust', 'qt']"
152,ReactOS,"ReactOS is a free, open source, Windows compatible operating system.",https://reactos.org/,"['c', 'c++']"
153,Read the Docs,Read the Docs hosts documentation for the open source community.,https://readthedocs.org,"['python', 'sphinx', 'django', 'javascript', 'elasticsearch']"
154,Red Hen Lab,Research on Multimodal Communication,http://redhenlab.org,"['python', 'scikit-learn', 'tensorflow', 'singularity', 'syntaxnet']"
155,RoboComp,RoboComp is an open-source framework to develop and manage robot components.,http://robocomp.org/,"['c/c++', 'python', 'cmake', 'openscenegraph', 'ice - zeroc']"
156,Rocket.Chat,The ultimate free open source solution for team communications,https://rocket.chat,"['javascript', 'ios', 'android', 'node', 'meteor.js']"
157,Rspamd,An advanced spam filtering system,https://rspamd.com,"['c', 'machine learning', 'javascript', 'lua']"
158,RTEMS Project,RTEMS is a real-time operating system kernel used around the world and in space.,https://www.rtems.org/,"['c', 'python', 'posix', 'bsd unix']"
159,Ruby,"The Ruby programming language, libraries, and tools",https://www.ruby-lang.org/,['ruby']
160,Ruby on Rails,Ruby on Rails is web framework that optimizes for programmer happinness.,http://rubyonrails.org/,"['ruby', 'ruby on rails', 'html']"
161,Ruby Science Foundation,Scientific Computing tools for Ruby,http://sciruby.com/,"['ruby', 'c', 'c++', 'cuda']"
162,Sage Mathematical Software System,"Creating a viable free alternative to Magma, Maple, Mathematica and Matlab.",https://www.sagemath.org/,"['python 3', 'python', 'cython', 'c/c++']"
163,Scala,The programming language where object-oriented meets functional.,http://www.scala-lang.org,"['scala', 'jvm', 'llvm']"
164,Scilab,Cross-platform numerical computational package and programming language.,https://www.scilab.org,"['c', 'c++', 'java', 'scilab']"
165,ScummVM,ScummVM is a GSoC umbrella for game preservation projects,https://scummvm.org/,"['c++', 'opengl', 'sdl', 'assembly']"
166,Seastar,Framework for writing high-performance server applications on modern hardware,http://www.seastar-project.org/,"['cpp', 'framework', 'dpdk', 'tcp', 'linux']"
167,Software and Computational Systems Lab at LMU Munich,"Software Analysis, Software Verification, and Benchmarking",https://www.sosy-lab.org/,"['java', 'python', 'javascript']"
168,Space @ Virginia Tech,Space@VT is devoted to the investigation of the space environment.,http://space.vt.edu,"['python', 'javascript', 'd3', 'mysql', 'mongodb']"
169,SPDX,Promoting open source compliance through standard communication of SW licenses.,https://spdx.org,"['rdf', 'python', 'java', 'json']"
170,Stemformatics,Stemformatics is a web-based pocket dictionary for stem cell scientists.,https://www.stemformatics.org,"['python', 'javascript', 'postgresql']"
171,STE||AR Group,HPX: The C++ Standard Library for Parallelism and Concurrency,https://stellar-group.org/,"['c++', 'cuda', 'opencv', 'python', 'boost']"
172,Stony Brook University Biomedical Informatics,Advance biomedical knowledge through innovative data science research,https://bmi.stonybrookmedicine.edu/,"['python', 'matlab', 'c++', 'javascript']"
173,strace,linux syscall tracer,https://strace.io,"['linux', 'c', 'git', 'shell script', 'make']"
174,Streetmix,"Design, remix, and share your neighborhood street, all in your browser.",https://streetmix.net/,"['javascript', 'react', 'redux', 'postgresql', 'mongodb']"
175,Submitty,Programming assignment submission with automated grading and manual TA grading,http://submitty.org,"['python', 'c++', 'databases', 'web/html/css', 'php/javascript/ajax']"
176,Sugar Labs,"We make tools that learners use to explore, discover, create, and reflect.",http://www.sugarlabs.org,"['python', 'javascript', 'gtk+']"
177,Sustainable Computing Research Group (SCoRe),"SCoRe has conducted research covering various aspects of Security, Mobile & IOT.",http://www.scorelab.org/,"['android', 'java', 'go', 'node', 'pyth']"
178,Swift,Swift is a high-performance system programming language.,https://swift.org,"['c++', 'llvm', 'cmake', 'swift']"
179,SymPy,SymPy is a Python library for symbolic mathematics.,http://www.sympy.org/,['python']
180,Systers Community,Helping women find their potential in code. You are not alone.,https://anitab.org/systers/,"['ios', 'android', 'python', 'ruby on rails', 'javascript']"
181,TEAMMATES @ National University of Singapore,An online feedback management system for education,https://github.com/teammates/teammates,"['java', 'appengine', 'javascript']"
182,The Center for Connected Learning and Computer-Based Modeling,NetLogo: A language and IDE for programming and scientific simulations,http://ccl.northwestern.edu/netlogo,"['javascript', 'scala', 'html5/css3']"
183,The Eclipse Foundation,An amazing open source community of diverse technology and collaboration.,http://www.eclipse.org,"['php', 'java', 'xtext', 'javascript', 'c/c++']"
184,The Honeynet Project,The Honeynet Project - R&D for Honeypot/Honeynet Technology and InfoSec Research,https://honeynet.org/,"['python 3', 'python', 'golang', 'c/c++', 'machine learning']"
185,The Java Pathfinder Team,JPF is a highly extensible Java virtual machine built for software verification,https://github.com/javapathfinder/jpf-core/wiki,"['java', 'jvm', 'android', 'distributed systems']"
186,The Libreswan Project,Encrypting the Internet with IKE and IPsec,https://libreswan.org,"['c', 'python', 'shell script', 'qemu']"
187,The Linux Foundation,A non-profit consortium dedicated to fostering the growth of Linux,http://www.linuxfoundation.org/,"['c', 'c++', 'cups', 'ipp']"
188,The MacPorts Project,Open Source package manager for macOS,https://www.macports.org/,"['tcl', 'html/javascript', 'frontend', 'vue.js', 'react.js']"
189,The Mifos Initiative,End Poverty One Line of Code at a Time,http://mifos.org,"['java', 'android', 'spring', 'angularjs', 'mysql']"
190,The NetBSD Foundation,Of course it runs NetBSD,https://www.NetBSD.org/,"['c', 'bsd make']"
191,The ns-3 Network Simulator Project,ns-3 is a packet-level network simulator for research and education.,https://www.nsnam.org,"['c/c++', 'python']"
192,The Processing Foundation,Our goal is to empower people of all backgrounds to learn how to program.,http://processingfoundation.org,"['java', 'javascript', 'python', 'android', 'opengl']"
193,The Qt Project,The Qt Project co-ordinates the development of the Qt software framework.,http://wiki.qt.io/,"['c++11', 'cpp', 'qt', 'qml', 'opengl']"
194,The syslog-ng project.,Open source log management solution with over a million users worldwide.,https://syslog-ng.org/,"['java', 'c/c++', 'big data', 'elasticsearch', 'rest']"
195,The Vega Visualization Tools by the UW Interactive Data Lab,"Declarative formats & Applications for Creating, Saving & Sharing Visualizations",https://vega.github.io/,"['javascript', 'typescript', 'react', 'd3.js']"
196,The Wine Project,"Wine runs Windows applications on Linux, BSD, Solaris, macOS and Android.",https://www.winehq.org/,"['directx', 'x11', 'win32', 'opengl', 'c']"
197,TimVideos.us,"Software+hardware for recording & streaming conferences, meetings, user groups.",https://code.timvideos.us/,"['fpga', 'verilog', 'python', 'c']"
198,TLA+,"TLA+ is a formal specification language used to design, model and verify systems",https://lamport.azurewebsites.net/tla/tla.html,"['java', 'tla+', 'eclipse', 'ocaml', 'smt']"
199,UCSC Xena,Helping biologists see the bigger picture in diverse cancer genomics data,http://xena.ucsc.edu,"['javascript', 'python', 'clojure', 'react', 'jvm']"
200,VideoLAN,Open Source Multimedia everywhere,https://www.videolan.org,"['c', 'c++', 'go', 'vue.js']"
201,ViSP,Visual tracking and visual servoing library,https://visp.inria.fr/,['c/c++']
202,vitrivr,vitrivr - the open-source multimedia search engine,https://vitrivr.org/,"['java', 'angularjs', 'spark', 'grpc']"
203,webpack,webpack is THE build tool for modern web applications run on NodeJS,https://webpack.js.org/,"['javascript', 'web development', 'html5/css3', 'node.js', 'webassembly']"
204,Wikimedia Foundation,Global movement whose mission is to bring free educational content to the world,http://wikimediafoundation.org/,"['php', 'javascript', 'ruby on rails', 'android', 'reactjs']"
205,WorldBrain.io - Verifying the Internet,Bookmarking extension that works like your brain - full-text search everything.,http://worldbrain.io,"['react', 'javascript', 'browser extension', 'datproject']"
206,X.org Foundation,"X Window System and related projects (Mesa, DRI, Wayland, etc.)",http://www.x.org,"['opengl', 'vulkan', 'x11', 'wayland', 'opencl']"
207,Xapian Search Engine Library,"Fast, scalable and flexible search",https://xapian.org/,"['c++', 'unicode', 'swig', 'linux', 'golang']"
208,XBMC Foundation,The ultimate entertainment center,http://kodi.tv,"['python', 'c/c++', 'github', 'mysql']"
209,Xi Editor Project,A modern text editor with a backend written in Rust.,https://github.com/google/xi-editor,"['rust', 'swift']"
210,xpra.org,"Screen for X11, remote desktop platform.",https://xpra.org/,"['python', 'javascript', 'compression', 'remote access', 'cython']"
211,XWiki,The Advanced Open Source Enterprise Wiki,http://www.xwiki.org/,"['java', 'javascript', 'html5', 'css3', 'velocity']"
212,Zulip,"Powerful, modern, open source team chat, complete with apps for every platform.",https://zulip.com,"['python', 'django', 'javascript', 'react native', 'electron']"
